time,integral_in,integral_out,vel_avg,vol
0,0,0,0,0.51202572771998
1,-4.782984267834e-06,-4.7829822571879e-06,-9.3317382075292e-06,0.51202572771998
