time,vel_avg,vol_pores
0,0,0.39043856074312
1,-1.0093875954217e-05,0.39043856074312
